"","x"
"1","SupremeCourtCorpusFinalEncoded//BreyerCleaned//Adoptive Couple v Baby Girl.txt"
"2","SupremeCourtCorpusFinalEncoded//BreyerCleaned//Bartnicki v Vopper.txt"
"3","SupremeCourtCorpusFinalEncoded//BreyerCleaned//Bates v Dow Agrosciences L.L.C..txt"
"4","SupremeCourtCorpusFinalEncoded//BreyerCleaned//Bd. of Educ. v Earls.txt"
"5","SupremeCourtCorpusFinalEncoded//BreyerCleaned//BMW of N. Am. v Gore.txt"
"6","SupremeCourtCorpusFinalEncoded//BreyerCleaned//Brosseau v Haugen.txt"
"7","SupremeCourtCorpusFinalEncoded//BreyerCleaned//Brown v Payton.txt"
"8","SupremeCourtCorpusFinalEncoded//BreyerCleaned//Bruesewitz v Wyeth LLC.txt"
"9","SupremeCourtCorpusFinalEncoded//BreyerCleaned//Carcieri v Salazar.txt"
"10","SupremeCourtCorpusFinalEncoded//BreyerCleaned//Carlsbad Tech., Inc. v HIF Bio, Inc..txt"
"11","SupremeCourtCorpusFinalEncoded//BreyerCleaned//Cent. Laborers' Pension Fund v Heinz.txt"
"12","SupremeCourtCorpusFinalEncoded//BreyerCleaned//City of Rancho Palos Verdes v Abrams.txt"
"13","SupremeCourtCorpusFinalEncoded//BreyerCleaned//Coeur Alaska, Inc. v Southeast Alaska Conservation Council.txt"
"14","SupremeCourtCorpusFinalEncoded//BreyerCleaned//County of Sacramento v Lewis.txt"
"15","SupremeCourtCorpusFinalEncoded//BreyerCleaned//Doe v Reed.txt"
"16","SupremeCourtCorpusFinalEncoded//BreyerCleaned//Dunn v Madison.txt"
"17","SupremeCourtCorpusFinalEncoded//BreyerCleaned//GE v Joiner.txt"
"18","SupremeCourtCorpusFinalEncoded//BreyerCleaned//Georgia v Randolph.txt"
"19","SupremeCourtCorpusFinalEncoded//BreyerCleaned//Gloucester Cnty. Sch. Bd. v G.G..txt"
"20","SupremeCourtCorpusFinalEncoded//BreyerCleaned//Gobeille v Liberty Mut. Ins. Co..txt"
"21","SupremeCourtCorpusFinalEncoded//BreyerCleaned//Gonzalez v Crosby.txt"
"22","SupremeCourtCorpusFinalEncoded//BreyerCleaned//Halo Elecs., Inc. v Pulse Elecs., Inc..txt"
"23","SupremeCourtCorpusFinalEncoded//BreyerCleaned//Hamdan v Rumsfeld.txt"
"24","SupremeCourtCorpusFinalEncoded//BreyerCleaned//Jerman v Carlisle, McNellie, Rini, Kramer & Ulrich, L.P.A..txt"
"25","SupremeCourtCorpusFinalEncoded//BreyerCleaned//Johanns v Livestock Mktg. Ass'n.txt"
"26","SupremeCourtCorpusFinalEncoded//BreyerCleaned//Johnson v California.txt"
"27","SupremeCourtCorpusFinalEncoded//BreyerCleaned//Lilly v Virginia.txt"
"28","SupremeCourtCorpusFinalEncoded//BreyerCleaned//Martinez v Court of Appeal.txt"
"29","SupremeCourtCorpusFinalEncoded//BreyerCleaned//Messerschmidt v Millender.txt"
"30","SupremeCourtCorpusFinalEncoded//BreyerCleaned//MGM Studios Inc. v Grokster, Ltd..txt"
"31","SupremeCourtCorpusFinalEncoded//BreyerCleaned//Microsoft Corp. v i4i Ltd. P'ship.txt"
"32","SupremeCourtCorpusFinalEncoded//BreyerCleaned//Miller v Alabama.txt"
"33","SupremeCourtCorpusFinalEncoded//BreyerCleaned//Miller-El v Dretke.txt"
"34","SupremeCourtCorpusFinalEncoded//BreyerCleaned//Missouri v Seibert.txt"
"35","SupremeCourtCorpusFinalEncoded//BreyerCleaned//Mohamad v Palestinian Auth..txt"
"36","SupremeCourtCorpusFinalEncoded//BreyerCleaned//Nat'l Cable & Telecomms. Ass'n v Brand X Internet Servs..txt"
"37","SupremeCourtCorpusFinalEncoded//BreyerCleaned//New Jersey v New York.txt"
"38","SupremeCourtCorpusFinalEncoded//BreyerCleaned//Nixon v Shrink Mo. Gov't Pac.txt"
"39","SupremeCourtCorpusFinalEncoded//BreyerCleaned//Norfolk S. Ry. v Shanklin.txt"
"40","SupremeCourtCorpusFinalEncoded//BreyerCleaned//Ocasio v US.txt"
"41","SupremeCourtCorpusFinalEncoded//BreyerCleaned//Oil States Energy Servs., LLC v Greene's Energy Grp., LLC.txt"
"42","SupremeCourtCorpusFinalEncoded//BreyerCleaned//Oubre v Entergy Operations.txt"
"43","SupremeCourtCorpusFinalEncoded//BreyerCleaned//Patchak v Zinke.txt"
"44","SupremeCourtCorpusFinalEncoded//BreyerCleaned//Pleasant Grove City v Summum.txt"
"45","SupremeCourtCorpusFinalEncoded//BreyerCleaned//Republic of Aus. v Altmann.txt"
"46","SupremeCourtCorpusFinalEncoded//BreyerCleaned//Rice v Collins.txt"
"47","SupremeCourtCorpusFinalEncoded//BreyerCleaned//Roe v Flores-Ortega.txt"
"48","SupremeCourtCorpusFinalEncoded//BreyerCleaned//Sandoz Inc. v Amgen Inc..txt"
"49","SupremeCourtCorpusFinalEncoded//BreyerCleaned//Scott v Harris.txt"
"50","SupremeCourtCorpusFinalEncoded//BreyerCleaned//Snyder v Phelps.txt"
"51","SupremeCourtCorpusFinalEncoded//BreyerCleaned//US v Flores-Montano.txt"
"52","SupremeCourtCorpusFinalEncoded//BreyerCleaned//US v Hays.txt"
"53","SupremeCourtCorpusFinalEncoded//BreyerCleaned//US v Watts.txt"
"54","SupremeCourtCorpusFinalEncoded//BreyerCleaned//US v Winstar Corp..txt"
"55","SupremeCourtCorpusFinalEncoded//BreyerCleaned//Vt. Agency of Natural Res. v United States ex rel. Stevens.txt"
"56","SupremeCourtCorpusFinalEncoded//BreyerCleaned//Watchtower Bible & Tract Soc'y of N.Y., Inc. v Vill. of Stratton.txt"
"57","SupremeCourtCorpusFinalEncoded//BreyerCleaned//Williams v Illinois.txt"
"58","SupremeCourtCorpusFinalEncoded//BreyerCleaned//Williams-Yulee v Fla. Bar.txt"
"59","SupremeCourtCorpusFinalEncoded//BreyerCleaned//Wos v E.M.A..txt"
"60","SupremeCourtCorpusFinalEncoded//BreyerCleaned//Wyeth v Levine.txt"
"61","SupremeCourtCorpusFinalEncoded//BreyerCleaned//Wyoming v Houghton.txt"
"62","SupremeCourtCorpusFinalEncoded//BreyerCleaned//Zivotofsky v Kerry.txt"
"63","SupremeCourtCorpusFinalEncoded//GinsburgCleaned//Aetna Health Inc. v Davila.txt"
"64","SupremeCourtCorpusFinalEncoded//GinsburgCleaned//Albright v Oliver.txt"
"65","SupremeCourtCorpusFinalEncoded//GinsburgCleaned//Arkansas v Sullivan.txt"
"66","SupremeCourtCorpusFinalEncoded//GinsburgCleaned//B&B Hardware, Inc. v Hargis Indus..txt"
"67","SupremeCourtCorpusFinalEncoded//GinsburgCleaned//Bell v Cone.txt"
"68","SupremeCourtCorpusFinalEncoded//GinsburgCleaned//Bennis v Michigan.txt"
"69","SupremeCourtCorpusFinalEncoded//GinsburgCleaned//Bloate v US.txt"
"70","SupremeCourtCorpusFinalEncoded//GinsburgCleaned//Bond v US.txt"
"71","SupremeCourtCorpusFinalEncoded//GinsburgCleaned//Bragdon v Abbott.txt"
"72","SupremeCourtCorpusFinalEncoded//GinsburgCleaned//Carlisle v US.txt"
"73","SupremeCourtCorpusFinalEncoded//GinsburgCleaned//Cent. State Univ. v Am. Ass'n of Univ. Professors.txt"
"74","SupremeCourtCorpusFinalEncoded//GinsburgCleaned//Chafin v Chafin.txt"
"75","SupremeCourtCorpusFinalEncoded//GinsburgCleaned//Direct Mktg. Ass'n v Brohl.txt"
"76","SupremeCourtCorpusFinalEncoded//GinsburgCleaned//Dunn v Madison.txt"
"77","SupremeCourtCorpusFinalEncoded//GinsburgCleaned//Edwards v Balisok.txt"
"78","SupremeCourtCorpusFinalEncoded//GinsburgCleaned//Encino Motorcars, LLC v Navarro.txt"
"79","SupremeCourtCorpusFinalEncoded//GinsburgCleaned//Field v Mans.txt"
"80","SupremeCourtCorpusFinalEncoded//GinsburgCleaned//Filarsky v Delia.txt"
"81","SupremeCourtCorpusFinalEncoded//GinsburgCleaned//Grutter v Bollinger.txt"
"82","SupremeCourtCorpusFinalEncoded//GinsburgCleaned//Haas v Quest Recovery Servs..txt"
"83","SupremeCourtCorpusFinalEncoded//GinsburgCleaned//Halliburton Co. v Erica P. John Fund. Inc..txt"
"84","SupremeCourtCorpusFinalEncoded//GinsburgCleaned//Harris v Forklift Sys..txt"
"85","SupremeCourtCorpusFinalEncoded//GinsburgCleaned//Holt v Hobbs.txt"
"86","SupremeCourtCorpusFinalEncoded//GinsburgCleaned//Johnson v California.txt"
"87","SupremeCourtCorpusFinalEncoded//GinsburgCleaned//L.A. Police Dep't v United Reporting Publ'g Corp..txt"
"88","SupremeCourtCorpusFinalEncoded//GinsburgCleaned//Lance v Dennis.txt"
"89","SupremeCourtCorpusFinalEncoded//GinsburgCleaned//M&G Polymers v US.txt"
"90","SupremeCourtCorpusFinalEncoded//GinsburgCleaned//McIntyre v Ohio Elections Comm'n.txt"
"91","SupremeCourtCorpusFinalEncoded//GinsburgCleaned//Medellin v Dretke.txt"
"92","SupremeCourtCorpusFinalEncoded//GinsburgCleaned//MGM Studios Inc. v Grokster, Ltd..txt"
"93","SupremeCourtCorpusFinalEncoded//GinsburgCleaned//Nevada v Hicks.txt"
"94","SupremeCourtCorpusFinalEncoded//GinsburgCleaned//Puerto Rico v Sanchez Valle.txt"
"95","SupremeCourtCorpusFinalEncoded//GinsburgCleaned//Quality King Distribs. v L'Anza Research Int'l.txt"
"96","SupremeCourtCorpusFinalEncoded//GinsburgCleaned//Reeves v Sanderson Plumbing Prods..txt"
"97","SupremeCourtCorpusFinalEncoded//GinsburgCleaned//Reno v Koray.txt"
"98","SupremeCourtCorpusFinalEncoded//GinsburgCleaned//Rowe v N.H. Motor Transp. Ass'n.txt"
"99","SupremeCourtCorpusFinalEncoded//GinsburgCleaned//Sackett v EPA.txt"
"100","SupremeCourtCorpusFinalEncoded//GinsburgCleaned//Scheidler v NOW, Inc..txt"
"101","SupremeCourtCorpusFinalEncoded//GinsburgCleaned//Scott v Harris.txt"
"102","SupremeCourtCorpusFinalEncoded//GinsburgCleaned//Shaw v Murphy.txt"
"103","SupremeCourtCorpusFinalEncoded//GinsburgCleaned//Simmons v South Carolina.txt"
"104","SupremeCourtCorpusFinalEncoded//GinsburgCleaned//Spencer v Kemna.txt"
"105","SupremeCourtCorpusFinalEncoded//GinsburgCleaned//Stenberg v Carhart.txt"
"106","SupremeCourtCorpusFinalEncoded//GinsburgCleaned//Sutton v United Air Lines.txt"
"107","SupremeCourtCorpusFinalEncoded//GinsburgCleaned//Swarthout v Cooke.txt"
"108","SupremeCourtCorpusFinalEncoded//GinsburgCleaned//Tennessee v Lane.txt"
"109","SupremeCourtCorpusFinalEncoded//GinsburgCleaned//Things Remembered v Petrarca.txt"
"110","SupremeCourtCorpusFinalEncoded//GinsburgCleaned//Thompson v N. Am. Stainless.txt"
"111","SupremeCourtCorpusFinalEncoded//GinsburgCleaned//US v Alvarez-Sanchez.txt"
"112","SupremeCourtCorpusFinalEncoded//GinsburgCleaned//US v Apel.txt"
"113","SupremeCourtCorpusFinalEncoded//GinsburgCleaned//US v Armstrong.txt"
"114","SupremeCourtCorpusFinalEncoded//GinsburgCleaned//US v Mezzanatto.txt"
"115","SupremeCourtCorpusFinalEncoded//GinsburgCleaned//US v White Mt. Apache Tribe.txt"
"116","SupremeCourtCorpusFinalEncoded//GinsburgCleaned//Vernonia Sch. Dist. 47J v Acton.txt"
"117","SupremeCourtCorpusFinalEncoded//GinsburgCleaned//Warner-Jenkinson Co. v Hilton Davis Chem. Co..txt"
"118","SupremeCourtCorpusFinalEncoded//GinsburgCleaned//Weiss v US.txt"
"119","SupremeCourtCorpusFinalEncoded//GinsburgCleaned//White v Pauly.txt"
"120","SupremeCourtCorpusFinalEncoded//GinsburgCleaned//Whole Woman's Health v Hellerstedt.txt"
"121","SupremeCourtCorpusFinalEncoded//KennedyCleaned//ABF Freight Sys. v NLRB.txt"
"122","SupremeCourtCorpusFinalEncoded//KennedyCleaned//Already, LLC v Nike, Inc..txt"
"123","SupremeCourtCorpusFinalEncoded//KennedyCleaned//Ashcroft v Al-Kidd.txt"
"124","SupremeCourtCorpusFinalEncoded//KennedyCleaned//Ballard v Comm'r.txt"
"125","SupremeCourtCorpusFinalEncoded//KennedyCleaned//Bd. of Trs. v Garrett.txt"
"126","SupremeCourtCorpusFinalEncoded//KennedyCleaned//Beard v Kindler.txt"
"127","SupremeCourtCorpusFinalEncoded//KennedyCleaned//Beckles v US.txt"
"128","SupremeCourtCorpusFinalEncoded//KennedyCleaned//Bowen v Kendrick.txt"
"129","SupremeCourtCorpusFinalEncoded//KennedyCleaned//Branch v Smith.txt"
"130","SupremeCourtCorpusFinalEncoded//KennedyCleaned//Bray v Alexandria Women's Health Clinic.txt"
"131","SupremeCourtCorpusFinalEncoded//KennedyCleaned//Burson v Freeman.txt"
"132","SupremeCourtCorpusFinalEncoded//KennedyCleaned//Burwell v Hobby Lobby Stores, Inc..txt"
"133","SupremeCourtCorpusFinalEncoded//KennedyCleaned//Bush v Vera.txt"
"134","SupremeCourtCorpusFinalEncoded//KennedyCleaned//Cal. Democratic Party v Jones.txt"
"135","SupremeCourtCorpusFinalEncoded//KennedyCleaned//California v Am. Stores Co..txt"
"136","SupremeCourtCorpusFinalEncoded//KennedyCleaned//California v Deep Sea Research.txt"
"137","SupremeCourtCorpusFinalEncoded//KennedyCleaned//Campbell v Acuff-Rose Music, Inc..txt"
"138","SupremeCourtCorpusFinalEncoded//KennedyCleaned//Christian Legal Soc'y Chapter of the Univ. of Cal. v Martinez.txt"
"139","SupremeCourtCorpusFinalEncoded//KennedyCleaned//Clinton v City of New York.txt"
"140","SupremeCourtCorpusFinalEncoded//KennedyCleaned//Cook v Gralike.txt"
"141","SupremeCourtCorpusFinalEncoded//KennedyCleaned//County of Sacramento v Lewis.txt"
"142","SupremeCourtCorpusFinalEncoded//KennedyCleaned//Crawford-El v Britton.txt"
"143","SupremeCourtCorpusFinalEncoded//KennedyCleaned//Cunningham v Hamilton County.txt"
"144","SupremeCourtCorpusFinalEncoded//KennedyCleaned//Davis v Ayala.txt"
"145","SupremeCourtCorpusFinalEncoded//KennedyCleaned//Delo v Stokes.txt"
"146","SupremeCourtCorpusFinalEncoded//KennedyCleaned//Demore v Hyung Joon Kim.txt"
"147","SupremeCourtCorpusFinalEncoded//KennedyCleaned//Descamps v US.txt"
"148","SupremeCourtCorpusFinalEncoded//KennedyCleaned//Direct Mktg. Ass'n v Brohl.txt"
"149","SupremeCourtCorpusFinalEncoded//KennedyCleaned//Dixon v US.txt"
"150","SupremeCourtCorpusFinalEncoded//KennedyCleaned//eBay Inc. v MercExchange, L.L.C..txt"
"151","SupremeCourtCorpusFinalEncoded//KennedyCleaned//Farrey v Sanderfoot.txt"
"152","SupremeCourtCorpusFinalEncoded//KennedyCleaned//FirsTier Mortgage Co. v Investors Mortgage Ins. Co..txt"
"153","SupremeCourtCorpusFinalEncoded//KennedyCleaned//Florida v J.L..txt"
"154","SupremeCourtCorpusFinalEncoded//KennedyCleaned//Friends of the Earth, Inc. v Laidlaw Envtl. Servs. (TOC), Inc..txt"
"155","SupremeCourtCorpusFinalEncoded//KennedyCleaned//Georgia v Ashcroft.txt"
"156","SupremeCourtCorpusFinalEncoded//KennedyCleaned//Harte-Hanks Communications v Connaughton.txt"
"157","SupremeCourtCorpusFinalEncoded//KennedyCleaned//Hazen Paper Co. v Biggins.txt"
"158","SupremeCourtCorpusFinalEncoded//KennedyCleaned//Hein v Freedom from Religion Found., Inc..txt"
"159","SupremeCourtCorpusFinalEncoded//KennedyCleaned//Holland v Illinois.txt"
"160","SupremeCourtCorpusFinalEncoded//KennedyCleaned//Kansas v Hendricks.txt"
"161","SupremeCourtCorpusFinalEncoded//KennedyCleaned//Kelo v City of New London.txt"
"162","SupremeCourtCorpusFinalEncoded//KennedyCleaned//Kentucky Dep't of Corrections v Thompson.txt"
"163","SupremeCourtCorpusFinalEncoded//KennedyCleaned//Kiobel v Royal Dutch Petro. Co..txt"
"164","SupremeCourtCorpusFinalEncoded//KennedyCleaned//Koons Buick Pontiac GMC, Inc. v Nigh.txt"
"165","SupremeCourtCorpusFinalEncoded//KennedyCleaned//Levin v Commerce Energy, Inc..txt"
"166","SupremeCourtCorpusFinalEncoded//KennedyCleaned//Lingle v Chevron U.S.A. Inc..txt"
"167","SupremeCourtCorpusFinalEncoded//KennedyCleaned//Mallard v United States Dist. Court for Southern Dist..txt"
"168","SupremeCourtCorpusFinalEncoded//KennedyCleaned//Marquez v Screen Actors Guild.txt"
"169","SupremeCourtCorpusFinalEncoded//KennedyCleaned//Martinez v Court of Appeal.txt"
"170","SupremeCourtCorpusFinalEncoded//KennedyCleaned//Maryland v Buie.txt"
"171","SupremeCourtCorpusFinalEncoded//KennedyCleaned//Mathis v US.txt"
"172","SupremeCourtCorpusFinalEncoded//KennedyCleaned//McNeil v Wisconsin.txt"
"173","SupremeCourtCorpusFinalEncoded//KennedyCleaned//Michigan v Chesternut.txt"
"174","SupremeCourtCorpusFinalEncoded//KennedyCleaned//Mickens v Taylor.txt"
"175","SupremeCourtCorpusFinalEncoded//KennedyCleaned//Minnesota v Carter.txt"
"176","SupremeCourtCorpusFinalEncoded//KennedyCleaned//Minnesota v Olson.txt"
"177","SupremeCourtCorpusFinalEncoded//KennedyCleaned//Moseley v V Secret Catalogue.txt"
"178","SupremeCourtCorpusFinalEncoded//KennedyCleaned//Muehler v Mena.txt"
"179","SupremeCourtCorpusFinalEncoded//KennedyCleaned//Nat'l Private Truck Council v Okla. Tax Comm'n.txt"
"180","SupremeCourtCorpusFinalEncoded//KennedyCleaned//Nev. Comm'n on Ethics v Carrigan.txt"
"181","SupremeCourtCorpusFinalEncoded//KennedyCleaned//Nken v Holder.txt"
"182","SupremeCourtCorpusFinalEncoded//KennedyCleaned//Padilla v Hanft.txt"
"183","SupremeCourtCorpusFinalEncoded//KennedyCleaned//Perdue v Kenny A..txt"
"184","SupremeCourtCorpusFinalEncoded//KennedyCleaned//Powerex Corp. v Reliant Energy Servs..txt"
"185","SupremeCourtCorpusFinalEncoded//KennedyCleaned//Quackenbush v Allstate Ins. Co..txt"
"186","SupremeCourtCorpusFinalEncoded//KennedyCleaned//Republican Party v White.txt"
"187","SupremeCourtCorpusFinalEncoded//KennedyCleaned//Ring v Arizona.txt"
"188","SupremeCourtCorpusFinalEncoded//KennedyCleaned//Rumsfeld v Padilla.txt"
"189","SupremeCourtCorpusFinalEncoded//KennedyCleaned//Spencer v Georgia.txt"
"190","SupremeCourtCorpusFinalEncoded//KennedyCleaned//Stewart Org., Inc. v Ricoh Corp..txt"
"191","SupremeCourtCorpusFinalEncoded//KennedyCleaned//Summers v Earth Island Inst..txt"
"192","SupremeCourtCorpusFinalEncoded//KennedyCleaned//Texas v Cobb.txt"
"193","SupremeCourtCorpusFinalEncoded//KennedyCleaned//Texas v Johnson.txt"
"194","SupremeCourtCorpusFinalEncoded//KennedyCleaned//Things Remembered v Petrarca.txt"
"195","SupremeCourtCorpusFinalEncoded//KennedyCleaned//U.S. Bank N.A. v Vill. at Lakeridge, LLC.txt"
"196","SupremeCourtCorpusFinalEncoded//KennedyCleaned//United States Army Corps of Eng'rs v Hawkes Co..txt"
"197","SupremeCourtCorpusFinalEncoded//KennedyCleaned//United States Term Limits v Thornton.txt"
"198","SupremeCourtCorpusFinalEncoded//KennedyCleaned//US v Halper.txt"
"199","SupremeCourtCorpusFinalEncoded//KennedyCleaned//US v Lopez.txt"
"200","SupremeCourtCorpusFinalEncoded//KennedyCleaned//US v Olano.txt"
"201","SupremeCourtCorpusFinalEncoded//KennedyCleaned//US v Ursery.txt"
"202","SupremeCourtCorpusFinalEncoded//KennedyCleaned//US v Verdugo-Urquidez.txt"
"203","SupremeCourtCorpusFinalEncoded//KennedyCleaned//Va. Office for Prot. & Advocacy v Stewart.txt"
"204","SupremeCourtCorpusFinalEncoded//KennedyCleaned//Verizon Md., Inc. v PSC.txt"
"205","SupremeCourtCorpusFinalEncoded//KennedyCleaned//Victor v Nebraska.txt"
"206","SupremeCourtCorpusFinalEncoded//KennedyCleaned//Washington v Recuenco.txt"
"207","SupremeCourtCorpusFinalEncoded//KennedyCleaned//Wis. Dep't of Corr. v Schacht.txt"
"208","SupremeCourtCorpusFinalEncoded//KennedyCleaned//Wyatt v Cole.txt"
"209","SupremeCourtCorpusFinalEncoded//KennedyCleaned//Zuni Pub. Sch. Dist. No. 89 v Dep't of Educ..txt"
"210","SupremeCourtCorpusFinalEncoded//OConnorCleaned//Allied-Bruce Terminix Cos. v Dobson.txt"
"211","SupremeCourtCorpusFinalEncoded//OConnorCleaned//Arcara v Cloud Books, Inc..txt"
"212","SupremeCourtCorpusFinalEncoded//OConnorCleaned//Ariz. Governing Comm. for Tax Deferred Annuity & Deferred Comp. Plans v Norris.txt"
"213","SupremeCourtCorpusFinalEncoded//OConnorCleaned//Arizona v Evans.txt"
"214","SupremeCourtCorpusFinalEncoded//OConnorCleaned//Babbitt v Sweet Home Chapter of Cmtys. for a Great Or..txt"
"215","SupremeCourtCorpusFinalEncoded//OConnorCleaned//Batson v Kentucky.txt"
"216","SupremeCourtCorpusFinalEncoded//OConnorCleaned//Boag v MacDougall.txt"
"217","SupremeCourtCorpusFinalEncoded//OConnorCleaned//Bowen v Kendrick.txt"
"218","SupremeCourtCorpusFinalEncoded//OConnorCleaned//Bowen v Yuckert.txt"
"219","SupremeCourtCorpusFinalEncoded//OConnorCleaned//Brockett v Spokane Arcades.txt"
"220","SupremeCourtCorpusFinalEncoded//OConnorCleaned//Brown v North Carolina.txt"
"221","SupremeCourtCorpusFinalEncoded//OConnorCleaned//Brown v Thomson.txt"
"222","SupremeCourtCorpusFinalEncoded//OConnorCleaned//California v Brown.txt"
"223","SupremeCourtCorpusFinalEncoded//OConnorCleaned//California v Trombetta.txt"
"224","SupremeCourtCorpusFinalEncoded//OConnorCleaned//City of Ladue v Gilleo.txt"
"225","SupremeCourtCorpusFinalEncoded//OConnorCleaned//Clark v Suarez Martinez.txt"
"226","SupremeCourtCorpusFinalEncoded//OConnorCleaned//Comm'r v Tufts.txt"
"227","SupremeCourtCorpusFinalEncoded//OConnorCleaned//Concrete Pipe & Prods. v Constr. Laborers Pension Trust.txt"
"228","SupremeCourtCorpusFinalEncoded//OConnorCleaned//Connolly v Pension Benefit Guar. Corp..txt"
"229","SupremeCourtCorpusFinalEncoded//OConnorCleaned//Coy v Iowa.txt"
"230","SupremeCourtCorpusFinalEncoded//OConnorCleaned//Cruzan v Dir., Mo. Dep't of Health.txt"
"231","SupremeCourtCorpusFinalEncoded//OConnorCleaned//Desert Palace, Inc. v Costa.txt"
"232","SupremeCourtCorpusFinalEncoded//OConnorCleaned//Duckworth v Eagan.txt"
"233","SupremeCourtCorpusFinalEncoded//OConnorCleaned//Eddings v Oklahoma.txt"
"234","SupremeCourtCorpusFinalEncoded//OConnorCleaned//Estate of Thornton v Caldor, Inc..txt"
"235","SupremeCourtCorpusFinalEncoded//OConnorCleaned//Fargo Women's Health Org. v Schafer.txt"
"236","SupremeCourtCorpusFinalEncoded//OConnorCleaned//Farrar v Hobby.txt"
"237","SupremeCourtCorpusFinalEncoded//OConnorCleaned//Fid. Fed. Sav. & Loan Ass'n v de la Cuesta.txt"
"238","SupremeCourtCorpusFinalEncoded//OConnorCleaned//Firefighters Local Union No. 1784 v Stotts.txt"
"239","SupremeCourtCorpusFinalEncoded//OConnorCleaned//Garrett v US.txt"
"240","SupremeCourtCorpusFinalEncoded//OConnorCleaned//General Bldg. Contractors Ass'n v Pennsylvania.txt"
"241","SupremeCourtCorpusFinalEncoded//OConnorCleaned//Gentile v State Bar of Nevada.txt"
"242","SupremeCourtCorpusFinalEncoded//OConnorCleaned//Gratz v Bollinger.txt"
"243","SupremeCourtCorpusFinalEncoded//OConnorCleaned//Harris v Reed.txt"
"244","SupremeCourtCorpusFinalEncoded//OConnorCleaned//Harris v US.txt"
"245","SupremeCourtCorpusFinalEncoded//OConnorCleaned//Herrera v Collins.txt"
"246","SupremeCourtCorpusFinalEncoded//OConnorCleaned//Hoffman v Connecticut Dep't of Income Maintenance.txt"
"247","SupremeCourtCorpusFinalEncoded//OConnorCleaned//Hudson v Palmer.txt"
"248","SupremeCourtCorpusFinalEncoded//OConnorCleaned//J.E.B. v Ala. ex rel. T.B..txt"
"249","SupremeCourtCorpusFinalEncoded//OConnorCleaned//Jerome B. Grubart v Great Lakes Dredge & Dock Co..txt"
"250","SupremeCourtCorpusFinalEncoded//OConnorCleaned//Johnson v De Grandy.txt"
"251","SupremeCourtCorpusFinalEncoded//OConnorCleaned//Local Number 93, International Asso. of Firefighters, etc. v Cleveland.txt"
"252","SupremeCourtCorpusFinalEncoded//OConnorCleaned//Lockhard v Fretwell.txt"
"253","SupremeCourtCorpusFinalEncoded//OConnorCleaned//Lynch v Donnelly.txt"
"254","SupremeCourtCorpusFinalEncoded//OConnorCleaned//Lytle v Household Mfg., Inc..txt"
"255","SupremeCourtCorpusFinalEncoded//OConnorCleaned//McCreary County v ACLU.txt"
"256","SupremeCourtCorpusFinalEncoded//OConnorCleaned//Miller v Johnson.txt"
"257","SupremeCourtCorpusFinalEncoded//OConnorCleaned//Mills v Habluetzel.txt"
"258","SupremeCourtCorpusFinalEncoded//OConnorCleaned//Missouri v Jenkins (2).txt"
"259","SupremeCourtCorpusFinalEncoded//OConnorCleaned//Mu'Min v Virginia.txt"
"260","SupremeCourtCorpusFinalEncoded//OConnorCleaned//Murray v Giarratano.txt"
"261","SupremeCourtCorpusFinalEncoded//OConnorCleaned//N. Y. State Club Ass'n v City of New York.txt"
"262","SupremeCourtCorpusFinalEncoded//OConnorCleaned//New York v Ferber.txt"
"263","SupremeCourtCorpusFinalEncoded//OConnorCleaned//Northeast Bancorp v Bd. of Governors of Fed. Reserve Sys..txt"
"264","SupremeCourtCorpusFinalEncoded//OConnorCleaned//Ohio v Kovacs.txt"
"265","SupremeCourtCorpusFinalEncoded//OConnorCleaned//Palazzolo v Rhode Island.txt"
"266","SupremeCourtCorpusFinalEncoded//OConnorCleaned//Patsy v Bd. of Regents.txt"
"267","SupremeCourtCorpusFinalEncoded//OConnorCleaned//Payne v Tennessee.txt"
"268","SupremeCourtCorpusFinalEncoded//OConnorCleaned//Peguero v US.txt"
"269","SupremeCourtCorpusFinalEncoded//OConnorCleaned//Penson v Ohio.txt"
"270","SupremeCourtCorpusFinalEncoded//OConnorCleaned//Pliler v Ford.txt"
"271","SupremeCourtCorpusFinalEncoded//OConnorCleaned//Preseault v ICC.txt"
"272","SupremeCourtCorpusFinalEncoded//OConnorCleaned//Printz v US.txt"
"273","SupremeCourtCorpusFinalEncoded//OConnorCleaned//Public Lands Council v Babbitt.txt"
"274","SupremeCourtCorpusFinalEncoded//OConnorCleaned//Reno v Flores.txt"
"275","SupremeCourtCorpusFinalEncoded//OConnorCleaned//Republican Party v White.txt"
"276","SupremeCourtCorpusFinalEncoded//OConnorCleaned//Romano v Okla..txt"
"277","SupremeCourtCorpusFinalEncoded//OConnorCleaned//Rompilla v Beard.txt"
"278","SupremeCourtCorpusFinalEncoded//OConnorCleaned//Rosenberge v Rector & Visitors of the Univ. of Va..txt"
"279","SupremeCourtCorpusFinalEncoded//OConnorCleaned//S. Cent. Bell Tel. Co. v Ala..txt"
"280","SupremeCourtCorpusFinalEncoded//OConnorCleaned//Schlup v Delo.txt"
"281","SupremeCourtCorpusFinalEncoded//OConnorCleaned//Shalala v Whitecotton.txt"
"282","SupremeCourtCorpusFinalEncoded//OConnorCleaned//Smith v Phillips.txt"
"283","SupremeCourtCorpusFinalEncoded//OConnorCleaned//Sochor v Florida.txt"
"284","SupremeCourtCorpusFinalEncoded//OConnorCleaned//Steel Co. v Citizens for a Better Env't.txt"
"285","SupremeCourtCorpusFinalEncoded//OConnorCleaned//Stenberg v Carhart.txt"
"286","SupremeCourtCorpusFinalEncoded//OConnorCleaned//Tyler Pipe Indus. v Washington State Dep't of Revenue.txt"
"287","SupremeCourtCorpusFinalEncoded//OConnorCleaned//Tyler v Cain.txt"
"288","SupremeCourtCorpusFinalEncoded//OConnorCleaned//US Airways, Inc. v Barnett.txt"
"289","SupremeCourtCorpusFinalEncoded//OConnorCleaned//US v 50 Acres of Land.txt"
"290","SupremeCourtCorpusFinalEncoded//OConnorCleaned//US v Doe.txt"
"291","SupremeCourtCorpusFinalEncoded//OConnorCleaned//US v Fordice.txt"
"292","SupremeCourtCorpusFinalEncoded//OConnorCleaned//US v Locke.txt"
"293","SupremeCourtCorpusFinalEncoded//OConnorCleaned//US v Ojeda Rios.txt"
"294","SupremeCourtCorpusFinalEncoded//OConnorCleaned//Vacco v Quill.txt"
"295","SupremeCourtCorpusFinalEncoded//OConnorCleaned//Walters v Nat'l Ass'n of Radiation Survivors.txt"
"296","SupremeCourtCorpusFinalEncoded//OConnorCleaned//Washington v Glucksberg.txt"
"297","SupremeCourtCorpusFinalEncoded//OConnorCleaned//Yarborough v Alvarado.txt"
"298","SupremeCourtCorpusFinalEncoded//OConnorCleaned//Zelman v Simmons-Harris.txt"
"299","SupremeCourtCorpusFinalEncoded//RehnquistCleaned//Abood v Detroit Bd of Ed.txt"
"300","SupremeCourtCorpusFinalEncoded//RehnquistCleaned//Albermarle Paper Co. v. Moody.txt"
"301","SupremeCourtCorpusFinalEncoded//RehnquistCleaned//Am. Tel. & Tel. Co. v. Centraloffice Tel..txt"
"302","SupremeCourtCorpusFinalEncoded//RehnquistCleaned//Bellotti v Baird.txt"
"303","SupremeCourtCorpusFinalEncoded//RehnquistCleaned//Blanding v. Du Bose.txt"
"304","SupremeCourtCorpusFinalEncoded//RehnquistCleaned//Bush v Gore.txt"
"305","SupremeCourtCorpusFinalEncoded//RehnquistCleaned//Cannon v University of Chicago.txt"
"306","SupremeCourtCorpusFinalEncoded//RehnquistCleaned//Citibank NA v Wells Fargo Asia Ltd.txt"
"307","SupremeCourtCorpusFinalEncoded//RehnquistCleaned//Citizens Against Rent Control Coalition for Fair Hous. v. Berkeley.txt"
"308","SupremeCourtCorpusFinalEncoded//RehnquistCleaned//County of Sacramento v Lewis.txt"
"309","SupremeCourtCorpusFinalEncoded//RehnquistCleaned//Deposit Guar. Nat'l Bank v. Roper.txt"
"310","SupremeCourtCorpusFinalEncoded//RehnquistCleaned//Douglas Oil Co of California v Petrol Stops Northwest.txt"
"311","SupremeCourtCorpusFinalEncoded//RehnquistCleaned//Ellis v Dyson.txt"
"312","SupremeCourtCorpusFinalEncoded//RehnquistCleaned//Fulton Corp. v. Faulkner.txt"
"313","SupremeCourtCorpusFinalEncoded//RehnquistCleaned//Gannett Co Inc v DePasquale.txt"
"314","SupremeCourtCorpusFinalEncoded//RehnquistCleaned//Georgia v. McCollum.txt"
"315","SupremeCourtCorpusFinalEncoded//RehnquistCleaned//Greater New Orleans Broadcasting Ass'n Inc v US.txt"
"316","SupremeCourtCorpusFinalEncoded//RehnquistCleaned//Harlow v Fitzgerald.txt"
"317","SupremeCourtCorpusFinalEncoded//RehnquistCleaned//Honig v. Doe.txt"
"318","SupremeCourtCorpusFinalEncoded//RehnquistCleaned//Lee v. United States.txt"
"319","SupremeCourtCorpusFinalEncoded//RehnquistCleaned//Lehman Bros v Schein.txt"
"320","SupremeCourtCorpusFinalEncoded//RehnquistCleaned//Marek v Chesny.txt"
"321","SupremeCourtCorpusFinalEncoded//RehnquistCleaned//Minnick v California Dept of Corrections.txt"
"322","SupremeCourtCorpusFinalEncoded//RehnquistCleaned//Montana v. United States.txt"
"323","SupremeCourtCorpusFinalEncoded//RehnquistCleaned//Moore v Illinois.txt"
"324","SupremeCourtCorpusFinalEncoded//RehnquistCleaned//Mullaney v Wilbur.txt"
"325","SupremeCourtCorpusFinalEncoded//RehnquistCleaned//National Bank of North America v Associates of Obstetrics And Female Surge.txt"
"326","SupremeCourtCorpusFinalEncoded//RehnquistCleaned//New Mexico v. Earnest.txt"
"327","SupremeCourtCorpusFinalEncoded//RehnquistCleaned//New York v Belton.txt"
"328","SupremeCourtCorpusFinalEncoded//RehnquistCleaned//NLRB v Curtin Matheson Scientific Inc.txt"
"329","SupremeCourtCorpusFinalEncoded//RehnquistCleaned//Oneida Indian Nation v. County of Oneida.txt"
"330","SupremeCourtCorpusFinalEncoded//RehnquistCleaned//Ortiz v Fibreboard Corp.txt"
"331","SupremeCourtCorpusFinalEncoded//RehnquistCleaned//Pressler v. Blumenthal.txt"
"332","SupremeCourtCorpusFinalEncoded//RehnquistCleaned//Reiter v Sonotone Corp.txt"
"333","SupremeCourtCorpusFinalEncoded//RehnquistCleaned//San Diego Gas And Elec Co v City of San Diego.txt"
"334","SupremeCourtCorpusFinalEncoded//RehnquistCleaned//Sandstrom v. Montana.txt"
"335","SupremeCourtCorpusFinalEncoded//RehnquistCleaned//Schatzle v. Kirkpatrick.txt"
"336","SupremeCourtCorpusFinalEncoded//RehnquistCleaned//Slodov v. United States.txt"
"337","SupremeCourtCorpusFinalEncoded//RehnquistCleaned//Steffel v Thompson.txt"
"338","SupremeCourtCorpusFinalEncoded//RehnquistCleaned//Sullivan v Louisiana.txt"
"339","SupremeCourtCorpusFinalEncoded//RehnquistCleaned//United States v. Brignoni-Ponce.txt"
"340","SupremeCourtCorpusFinalEncoded//RehnquistCleaned//United States v. Gaudin.txt"
"341","SupremeCourtCorpusFinalEncoded//RehnquistCleaned//United States v. Ortiz.txt"
"342","SupremeCourtCorpusFinalEncoded//RehnquistCleaned//Woodard v. Hutchins.txt"
"343","SupremeCourtCorpusFinalEncoded//ScaliaCleaned//Albright v Oliver.txt"
"344","SupremeCourtCorpusFinalEncoded//ScaliaCleaned//Anza v Ideal Steel Supply Corp.txt"
"345","SupremeCourtCorpusFinalEncoded//ScaliaCleaned//Apprendi v New Jersey.txt"
"346","SupremeCourtCorpusFinalEncoded//ScaliaCleaned//Arizona Christian School Tuition Organization v Winn.txt"
"347","SupremeCourtCorpusFinalEncoded//ScaliaCleaned//Arizona v Gant.txt"
"348","SupremeCourtCorpusFinalEncoded//ScaliaCleaned//Ayers v Belmontes.txt"
"349","SupremeCourtCorpusFinalEncoded//ScaliaCleaned//Bailey v US.txt"
"350","SupremeCourtCorpusFinalEncoded//ScaliaCleaned//Bank of Nova Scotia v US.txt"
"351","SupremeCourtCorpusFinalEncoded//ScaliaCleaned//BE And K Const Co v NLRB.txt"
"352","SupremeCourtCorpusFinalEncoded//ScaliaCleaned//Blessing v Freestone.txt"
"353","SupremeCourtCorpusFinalEncoded//ScaliaCleaned//Bowen v Georgetown University Hosp.txt"
"354","SupremeCourtCorpusFinalEncoded//ScaliaCleaned//Brown v Payton.txt"
"355","SupremeCourtCorpusFinalEncoded//ScaliaCleaned//Buchanan v Angelone.txt"
"356","SupremeCourtCorpusFinalEncoded//ScaliaCleaned//Buckhannon Bd and Care Home Inc v West Virginia Dept of Health and Human Re.txt"
"357","SupremeCourtCorpusFinalEncoded//ScaliaCleaned//Buckley v Fitzsimmons.txt"
"358","SupremeCourtCorpusFinalEncoded//ScaliaCleaned//Bush v Gore.txt"
"359","SupremeCourtCorpusFinalEncoded//ScaliaCleaned//Butterworth v Smith.txt"
"360","SupremeCourtCorpusFinalEncoded//ScaliaCleaned//Cal. v. Roy.txt"
"361","SupremeCourtCorpusFinalEncoded//ScaliaCleaned//California Div of Labor Standards Enforcement v Dillingham Const NA Inc.txt"
"362","SupremeCourtCorpusFinalEncoded//ScaliaCleaned//Callins v Collins.txt"
"363","SupremeCourtCorpusFinalEncoded//ScaliaCleaned//Camreta v Greene.txt"
"364","SupremeCourtCorpusFinalEncoded//ScaliaCleaned//Carlsbad Technology Inc v HIF Bio Inc.txt"
"365","SupremeCourtCorpusFinalEncoded//ScaliaCleaned//Citicorp Indus Credit Inc v Brock.txt"
"366","SupremeCourtCorpusFinalEncoded//ScaliaCleaned//Citizens United v Federal Election Com'n.txt"
"367","SupremeCourtCorpusFinalEncoded//ScaliaCleaned//City of Cuyahoga Falls Ohio v Buckeye Community Hope Foundation.txt"
"368","SupremeCourtCorpusFinalEncoded//ScaliaCleaned//City of Los Angeles v Alameda Books Inc.txt"
"369","SupremeCourtCorpusFinalEncoded//ScaliaCleaned//Connecticut Dept of Public Safety v Doe.txt"
"370","SupremeCourtCorpusFinalEncoded//ScaliaCleaned//Connick v Thompson.txt"
"371","SupremeCourtCorpusFinalEncoded//ScaliaCleaned//Correctional Services Corp v Malesko.txt"
"372","SupremeCourtCorpusFinalEncoded//ScaliaCleaned//Cruzan by Cruzan v Director Missouri Dept of Health.txt"
"373","SupremeCourtCorpusFinalEncoded//ScaliaCleaned//Davis v US.txt"
"374","SupremeCourtCorpusFinalEncoded//ScaliaCleaned//Dellmuth v Muth.txt"
"375","SupremeCourtCorpusFinalEncoded//ScaliaCleaned//Duquesne Light Co v Barasch.txt"
"376","SupremeCourtCorpusFinalEncoded//ScaliaCleaned//Egelhoff v Egelhoff ex rel Breiner.txt"
"377","SupremeCourtCorpusFinalEncoded//ScaliaCleaned//Exxon Shipping Co v Baker.txt"
"378","SupremeCourtCorpusFinalEncoded//ScaliaCleaned//Fid. Fed. Bank & Trust v. Kehoe.txt"
"379","SupremeCourtCorpusFinalEncoded//ScaliaCleaned//Fisher v University of Texas at Austin.txt"
"380","SupremeCourtCorpusFinalEncoded//ScaliaCleaned//Freeman v Pitts.txt"
"381","SupremeCourtCorpusFinalEncoded//ScaliaCleaned//FTC v Ticor Title Ins Co.txt"
"382","SupremeCourtCorpusFinalEncoded//ScaliaCleaned//Gall v US.txt"
"383","SupremeCourtCorpusFinalEncoded//ScaliaCleaned//General Motors Corp v Tracy.txt"
"384","SupremeCourtCorpusFinalEncoded//ScaliaCleaned//Glossip v Gross.txt"
"385","SupremeCourtCorpusFinalEncoded//ScaliaCleaned//Good News Club v Milford Central School.txt"
"386","SupremeCourtCorpusFinalEncoded//ScaliaCleaned//Gulfstream Aerospace Corp v Mayacamas Corp.txt"
"387","SupremeCourtCorpusFinalEncoded//ScaliaCleaned//Harper v Virginia Dept of Taxation.txt"
"388","SupremeCourtCorpusFinalEncoded//ScaliaCleaned//Harris v Forklift Systems Inc.txt"
"389","SupremeCourtCorpusFinalEncoded//ScaliaCleaned//Henderson v US con.txt"
"390","SupremeCourtCorpusFinalEncoded//ScaliaCleaned//Herrera v Collins.txt"
"391","SupremeCourtCorpusFinalEncoded//ScaliaCleaned//Hodel v Irving.txt"
"392","SupremeCourtCorpusFinalEncoded//ScaliaCleaned//Holster v Gatco Inc.txt"
"393","SupremeCourtCorpusFinalEncoded//ScaliaCleaned//Honda Motor Co Ltd v Oberg.txt"
"394","SupremeCourtCorpusFinalEncoded//ScaliaCleaned//Hudson v US.txt"
"395","SupremeCourtCorpusFinalEncoded//ScaliaCleaned//Illinois ex rel Madigan v Telemarketing Associates Inc.txt"
"396","SupremeCourtCorpusFinalEncoded//ScaliaCleaned//International Union United Mine Workers of America v Bagwell.txt"
"397","SupremeCourtCorpusFinalEncoded//ScaliaCleaned//JEM Ag Supply Inc v Pioneer Hi-Bred Intern Inc.txt"
"398","SupremeCourtCorpusFinalEncoded//ScaliaCleaned//Johnson v Texas.txt"
"399","SupremeCourtCorpusFinalEncoded//ScaliaCleaned//Jones v US.txt"
"400","SupremeCourtCorpusFinalEncoded//ScaliaCleaned//Kaiser Aluminum And Chemical Corp v Bonjorno.txt"
"401","SupremeCourtCorpusFinalEncoded//ScaliaCleaned//Kalina v Fletcher.txt"
"402","SupremeCourtCorpusFinalEncoded//ScaliaCleaned//Kansas v Marsh.txt"
"403","SupremeCourtCorpusFinalEncoded//ScaliaCleaned//Kimbrough v US.txt"
"404","SupremeCourtCorpusFinalEncoded//ScaliaCleaned//Kumho Tire Co Ltd v Carmichael.txt"
"405","SupremeCourtCorpusFinalEncoded//ScaliaCleaned//Lauro Lines srl v Chasser.txt"
"406","SupremeCourtCorpusFinalEncoded//ScaliaCleaned//Lawson v Murray.txt"
"407","SupremeCourtCorpusFinalEncoded//ScaliaCleaned//Lockhart v US.txt"
"408","SupremeCourtCorpusFinalEncoded//ScaliaCleaned//Los Angeles Police Dept v United Reporting Pub Corp.txt"
"409","SupremeCourtCorpusFinalEncoded//ScaliaCleaned//Maislin Industries US Inc v Primary Steel Inc.txt"
"410","SupremeCourtCorpusFinalEncoded//ScaliaCleaned//McCormick v US.txt"
"411","SupremeCourtCorpusFinalEncoded//ScaliaCleaned//McDonald v City of Chicago Ill.txt"
"412","SupremeCourtCorpusFinalEncoded//ScaliaCleaned//Miller-El v Cockrell.txt"
"413","SupremeCourtCorpusFinalEncoded//ScaliaCleaned//Minneci v Pollard.txt"
"414","SupremeCourtCorpusFinalEncoded//ScaliaCleaned//Minnesota v Carter.txt"
"415","SupremeCourtCorpusFinalEncoded//ScaliaCleaned//Minnesota v Dickerson.txt"
"416","SupremeCourtCorpusFinalEncoded//ScaliaCleaned//Negusie v Holder.txt"
"417","SupremeCourtCorpusFinalEncoded//ScaliaCleaned//NLRB v United Food and Commercial Workers Union Local 23 AFL-CIO.txt"
"418","SupremeCourtCorpusFinalEncoded//ScaliaCleaned//Ohio v Akron Center for Reproductive Health.txt"
"419","SupremeCourtCorpusFinalEncoded//ScaliaCleaned//Palazzolo v Rhode Island.txt"
"420","SupremeCourtCorpusFinalEncoded//ScaliaCleaned//Patterson v Shumate.txt"
"421","SupremeCourtCorpusFinalEncoded//ScaliaCleaned//Payne v Tennessee.txt"
"422","SupremeCourtCorpusFinalEncoded//ScaliaCleaned//Pennzoil Co v Texaco Inc.txt"
"423","SupremeCourtCorpusFinalEncoded//ScaliaCleaned//Pleasant Grove City Utah v Summum.txt"
"424","SupremeCourtCorpusFinalEncoded//ScaliaCleaned//Pope v Illinois.txt"
"425","SupremeCourtCorpusFinalEncoded//ScaliaCleaned//Quackenbush v Allstate Ins Co.txt"
"426","SupremeCourtCorpusFinalEncoded//ScaliaCleaned//Republic of Austria v Altmann.txt"
"427","SupremeCourtCorpusFinalEncoded//ScaliaCleaned//Reynoldsville Casket Co v Hyde.txt"
"428","SupremeCourtCorpusFinalEncoded//ScaliaCleaned//Ricci v DeStefano.txt"
"429","SupremeCourtCorpusFinalEncoded//ScaliaCleaned//Ring v Arizona.txt"
"430","SupremeCourtCorpusFinalEncoded//ScaliaCleaned//Sable Communications of California Inc v FCC.txt"
"431","SupremeCourtCorpusFinalEncoded//ScaliaCleaned//Seling v Young.txt"
"432","SupremeCourtCorpusFinalEncoded//ScaliaCleaned//Stern v Marshall.txt"
"433","SupremeCourtCorpusFinalEncoded//ScaliaCleaned//Tafflin v Levitt.txt"
"434","SupremeCourtCorpusFinalEncoded//ScaliaCleaned//Talk America Inc v Michigan Bell Telephone Co.txt"
"435","SupremeCourtCorpusFinalEncoded//ScaliaCleaned//Tenet v Doe.txt"
"436","SupremeCourtCorpusFinalEncoded//ScaliaCleaned//Thomas v American Home Products Inc.txt"
"437","SupremeCourtCorpusFinalEncoded//ScaliaCleaned//Tuan Anh Nguyen v INS.txt"
"438","SupremeCourtCorpusFinalEncoded//ScaliaCleaned//Tuggle v Netherland.txt"
"439","SupremeCourtCorpusFinalEncoded//ScaliaCleaned//Tuilaepa v California.txt"
"440","SupremeCourtCorpusFinalEncoded//ScaliaCleaned//Two Pesos Inc v Taco Cabana Inc.txt"
"441","SupremeCourtCorpusFinalEncoded//ScaliaCleaned//Union Bank v Wolas.txt"
"442","SupremeCourtCorpusFinalEncoded//ScaliaCleaned//US v Arvizu.txt"
"443","SupremeCourtCorpusFinalEncoded//ScaliaCleaned//US v Providence Journal Co.txt"
"444","SupremeCourtCorpusFinalEncoded//ScaliaCleaned//US v Watts.txt"
"445","SupremeCourtCorpusFinalEncoded//ScaliaCleaned//US v Williams.txt"
"446","SupremeCourtCorpusFinalEncoded//ScaliaCleaned//Van Orden v Perry.txt"
"447","SupremeCourtCorpusFinalEncoded//ScaliaCleaned//Wilkinson v Dotson.txt"
"448","SupremeCourtCorpusFinalEncoded//ScaliaCleaned//Williamson v US.txt"
"449","SupremeCourtCorpusFinalEncoded//SouterCleaned//Albertson's v. Kirkingburg.txt"
"450","SupremeCourtCorpusFinalEncoded//SouterCleaned//American Dredging Company v. Miller.txt"
"451","SupremeCourtCorpusFinalEncoded//SouterCleaned//Arizona v. Evans.txt"
"452","SupremeCourtCorpusFinalEncoded//SouterCleaned//Atkinson Trading Company v. Shirley.txt"
"453","SupremeCourtCorpusFinalEncoded//SouterCleaned//Boumediene v. Bush.txt"
"454","SupremeCourtCorpusFinalEncoded//SouterCleaned//Bradshaw v. Stumpf.txt"
"455","SupremeCourtCorpusFinalEncoded//SouterCleaned//Carlisle v. U.S..txt"
"456","SupremeCourtCorpusFinalEncoded//SouterCleaned//Christensen v. Harris County.txt"
"457","SupremeCourtCorpusFinalEncoded//SouterCleaned//City of Sherrill v. Oneida Indian Nation of New York.txt"
"458","SupremeCourtCorpusFinalEncoded//SouterCleaned//Connecticut Department of Public Safety v. Doe.txt"
"459","SupremeCourtCorpusFinalEncoded//SouterCleaned//Consolidated Rail Corporation v. Gottshall.txt"
"460","SupremeCourtCorpusFinalEncoded//SouterCleaned//Denver Area Educational Telecommunications Consortium Inc. v. FCC.txt"
"461","SupremeCourtCorpusFinalEncoded//SouterCleaned//Department of Defense v. Federal Labor Relations Authority.txt"
"462","SupremeCourtCorpusFinalEncoded//SouterCleaned//Duncan v. Walker.txt"
"463","SupremeCourtCorpusFinalEncoded//SouterCleaned//Federal Republic of Germany v. U.S..txt"
"464","SupremeCourtCorpusFinalEncoded//SouterCleaned//Felker v. Turpin.txt"
"465","SupremeCourtCorpusFinalEncoded//SouterCleaned//Florida v. White.txt"
"466","SupremeCourtCorpusFinalEncoded//SouterCleaned//Freeman v. Pitts.txt"
"467","SupremeCourtCorpusFinalEncoded//SouterCleaned//Gall v. U.S..txt"
"468","SupremeCourtCorpusFinalEncoded//SouterCleaned//Hill v. Colorado.txt"
"469","SupremeCourtCorpusFinalEncoded//SouterCleaned//Hohn v. U.S..txt"
"470","SupremeCourtCorpusFinalEncoded//SouterCleaned//Illinois v. McArthur.txt"
"471","SupremeCourtCorpusFinalEncoded//SouterCleaned//Jinks v. Richland County.txt"
"472","SupremeCourtCorpusFinalEncoded//SouterCleaned//Lee v. Weisman.txt"
"473","SupremeCourtCorpusFinalEncoded//SouterCleaned//Madsen v. Women's Health Center Inc..txt"
"474","SupremeCourtCorpusFinalEncoded//SouterCleaned//Melendez v. U.S..txt"
"475","SupremeCourtCorpusFinalEncoded//SouterCleaned//Munaf v. Geren.txt"
"476","SupremeCourtCorpusFinalEncoded//SouterCleaned//National Organization for Women v. Scheidler.txt"
"477","SupremeCourtCorpusFinalEncoded//SouterCleaned//Nevada Department of Human Resources v. Hibbs.txt"
"478","SupremeCourtCorpusFinalEncoded//SouterCleaned//Nevada v. Hicks.txt"
"479","SupremeCourtCorpusFinalEncoded//SouterCleaned//Norfolk Souther Railway Company v. Sorrell.txt"
"480","SupremeCourtCorpusFinalEncoded//SouterCleaned//O'sullivan v. Boerckel.txt"
"481","SupremeCourtCorpusFinalEncoded//SouterCleaned//Payne v. Tennessee.txt"
"482","SupremeCourtCorpusFinalEncoded//SouterCleaned//Professional Real Estate Investors Inc. v. Columbia Pictures Industries.txt"
"483","SupremeCourtCorpusFinalEncoded//SouterCleaned//Raines v. Byrd.txt"
"484","SupremeCourtCorpusFinalEncoded//SouterCleaned//Simmons v. South Carolina.txt"
"485","SupremeCourtCorpusFinalEncoded//SouterCleaned//Smith v. Texas.txt"
"486","SupremeCourtCorpusFinalEncoded//SouterCleaned//Spencer v. Kemna.txt"
"487","SupremeCourtCorpusFinalEncoded//SouterCleaned//Tennessee Student Assistance Corporation v. Hood.txt"
"488","SupremeCourtCorpusFinalEncoded//SouterCleaned//Tennessee v. Lane.txt"
"489","SupremeCourtCorpusFinalEncoded//SouterCleaned//Town of Castle Rock v. Gonzales.txt"
"490","SupremeCourtCorpusFinalEncoded//SouterCleaned//Tuilaepa v. California William Arnold Proctor.txt"
"491","SupremeCourtCorpusFinalEncoded//SouterCleaned//U.S. v. Armstrong.txt"
"492","SupremeCourtCorpusFinalEncoded//SouterCleaned//U.S. v. Knights.txt"
"493","SupremeCourtCorpusFinalEncoded//SouterCleaned//U.S. v. Martinez-Salazar.txt"
"494","SupremeCourtCorpusFinalEncoded//SouterCleaned//U.S. v. Navajo Nation.txt"
"495","SupremeCourtCorpusFinalEncoded//SouterCleaned//Verizon Md. v. PSC.txt"
"496","SupremeCourtCorpusFinalEncoded//SouterCleaned//Virginia v. Hicks.txt"
"497","SupremeCourtCorpusFinalEncoded//SouterCleaned//Waters v. Churchill.txt"
"498","SupremeCourtCorpusFinalEncoded//SouterCleaned//Weiss v. Hernandez.txt"
"499","SupremeCourtCorpusFinalEncoded//StevensCleaned//Abood v Detroid Bd. of Educ..txt"
"500","SupremeCourtCorpusFinalEncoded//StevensCleaned//Antone v Dugger.txt"
"501","SupremeCourtCorpusFinalEncoded//StevensCleaned//Arcadia v Ohio Power Company.txt"
"502","SupremeCourtCorpusFinalEncoded//StevensCleaned//Ariz. v Manypenny.txt"
"503","SupremeCourtCorpusFinalEncoded//StevensCleaned//Ashcroft v American Civil Liberties Union.txt"
"504","SupremeCourtCorpusFinalEncoded//StevensCleaned//AT&T v. Hulteen.txt"
"505","SupremeCourtCorpusFinalEncoded//StevensCleaned//Austin v Michigan State Chamber of Commerce.txt"
"506","SupremeCourtCorpusFinalEncoded//StevensCleaned//Ballew v Georgia.txt"
"507","SupremeCourtCorpusFinalEncoded//StevensCleaned//Barker v Kansas.txt"
"508","SupremeCourtCorpusFinalEncoded//StevensCleaned//Batson v Kentucky.txt"
"509","SupremeCourtCorpusFinalEncoded//StevensCleaned//Board of Education v Grumet.txt"
"510","SupremeCourtCorpusFinalEncoded//StevensCleaned//Bourjaily v US.txt"
"511","SupremeCourtCorpusFinalEncoded//StevensCleaned//Bragdon v Abbott.txt"
"512","SupremeCourtCorpusFinalEncoded//StevensCleaned//Brecht v Abrahamson.txt"
"513","SupremeCourtCorpusFinalEncoded//StevensCleaned//Brewer v Williams.txt"
"514","SupremeCourtCorpusFinalEncoded//StevensCleaned//Brigham City v Stuart.txt"
"515","SupremeCourtCorpusFinalEncoded//StevensCleaned//Burch v Louisiana.txt"
"516","SupremeCourtCorpusFinalEncoded//StevensCleaned//Burrell v McCray.txt"
"517","SupremeCourtCorpusFinalEncoded//StevensCleaned//Cal. v Sierra Club.txt"
"518","SupremeCourtCorpusFinalEncoded//StevensCleaned//California v Deep Sea Research.txt"
"519","SupremeCourtCorpusFinalEncoded//StevensCleaned//Carlsbad Technology v. HIF Bio.txt"
"520","SupremeCourtCorpusFinalEncoded//StevensCleaned//Carter v Ky..txt"
"521","SupremeCourtCorpusFinalEncoded//StevensCleaned//Charles D. Bonanno Linen Serv. v NLRB.txt"
"522","SupremeCourtCorpusFinalEncoded//StevensCleaned//Cheney v US District Court.txt"
"523","SupremeCourtCorpusFinalEncoded//StevensCleaned//Chiarella v US.txt"
"524","SupremeCourtCorpusFinalEncoded//StevensCleaned//Christian Legal Society v. Martinez.txt"
"525","SupremeCourtCorpusFinalEncoded//StevensCleaned//Christianson v Colt Industries Operating Corp..txt"
"526","SupremeCourtCorpusFinalEncoded//StevensCleaned//City of Boerne v Flores.txt"
"527","SupremeCourtCorpusFinalEncoded//StevensCleaned//City of Cleburne v Cleburne Living Ctr..txt"
"528","SupremeCourtCorpusFinalEncoded//StevensCleaned//City of Rome v US.txt"
"529","SupremeCourtCorpusFinalEncoded//StevensCleaned//Cmty. Communications Co. v Boulder.txt"
"530","SupremeCourtCorpusFinalEncoded//StevensCleaned//Coleman v Balkcom.txt"
"531","SupremeCourtCorpusFinalEncoded//StevensCleaned//Colorado v Nunez.txt"
"532","SupremeCourtCorpusFinalEncoded//StevensCleaned//Cox v Larios.txt"
"533","SupremeCourtCorpusFinalEncoded//StevensCleaned//Craig v Boren.txt"
"534","SupremeCourtCorpusFinalEncoded//StevensCleaned//Davis v Goodson.txt"
"535","SupremeCourtCorpusFinalEncoded//StevensCleaned//Dayton Bd. of Education v Brinkman.txt"
"536","SupremeCourtCorpusFinalEncoded//StevensCleaned//Denver Area Educational Telecommunications Consortium v FCC.txt"
"537","SupremeCourtCorpusFinalEncoded//StevensCleaned//Department of Revenue of Kentucky v. Davis.txt"
"538","SupremeCourtCorpusFinalEncoded//StevensCleaned//Deposit Guar. Nat'l Bank v Roper.txt"
"539","SupremeCourtCorpusFinalEncoded//StevensCleaned//Dixon v Love.txt"
"540","SupremeCourtCorpusFinalEncoded//StevensCleaned//Don E. Williams Co. v Comm'r.txt"
"541","SupremeCourtCorpusFinalEncoded//StevensCleaned//Donovan v Dewey.txt"
"542","SupremeCourtCorpusFinalEncoded//StevensCleaned//Dougherty County, Bd. of Educ. v White.txt"
"543","SupremeCourtCorpusFinalEncoded//StevensCleaned//Drake v Zant.txt"
"544","SupremeCourtCorpusFinalEncoded//StevensCleaned//Dunaway v New York.txt"
"545","SupremeCourtCorpusFinalEncoded//StevensCleaned//EEOC v Wyoming.txt"
"546","SupremeCourtCorpusFinalEncoded//StevensCleaned//Eu v San Francisco County Democratic Cent. Comm..txt"
"547","SupremeCourtCorpusFinalEncoded//StevensCleaned//Farmer v Brennan.txt"
"548","SupremeCourtCorpusFinalEncoded//StevensCleaned//Fed. Election Comm'n v Democratic Senatorial Campaign Comm..txt"
"549","SupremeCourtCorpusFinalEncoded//StevensCleaned//Felker v Turpin.txt"
"550","SupremeCourtCorpusFinalEncoded//StevensCleaned//Florida Dep't of Health & Rehabilitative Services v Florida Nursing Home Ass'n.txt"
"551","SupremeCourtCorpusFinalEncoded//StevensCleaned//Friends of the Earth v Laidlaw Environmental Services.txt"
"552","SupremeCourtCorpusFinalEncoded//StevensCleaned//Georgia v Randolph.txt"
"553","SupremeCourtCorpusFinalEncoded//StevensCleaned//Gilmore v Utah.txt"
"554","SupremeCourtCorpusFinalEncoded//StevensCleaned//Givhan v Western Line Consol. School Dist..txt"
"555","SupremeCourtCorpusFinalEncoded//StevensCleaned//GM Corp. v Devex Corp..txt"
"556","SupremeCourtCorpusFinalEncoded//StevensCleaned//Goldberg v US.txt"
"557","SupremeCourtCorpusFinalEncoded//StevensCleaned//Goldman v Weinberger.txt"
"558","SupremeCourtCorpusFinalEncoded//StevensCleaned//Graham v. Florida.txt"
"559","SupremeCourtCorpusFinalEncoded//StevensCleaned//Great Am. Fed. Sav. & Loan Ass'n v Novotny.txt"
"560","SupremeCourtCorpusFinalEncoded//StevensCleaned//Harris v Reed.txt"
"561","SupremeCourtCorpusFinalEncoded//StevensCleaned//Hess v Port Authority Trans-Hudson Corporation.txt"
"562","SupremeCourtCorpusFinalEncoded//StevensCleaned//Hibbs v Winn.txt"
"563","SupremeCourtCorpusFinalEncoded//StevensCleaned//Hirsh v Atlanta.txt"
"564","SupremeCourtCorpusFinalEncoded//StevensCleaned//Holt Civic Club v Tuscaloosa.txt"
"565","SupremeCourtCorpusFinalEncoded//StevensCleaned//Hughes v Alexandria Scrap Corp..txt"
"566","SupremeCourtCorpusFinalEncoded//StevensCleaned//Immigration & Naturalization Serv. v Delgado.txt"
"567","SupremeCourtCorpusFinalEncoded//StevensCleaned//In re Admission of Rose.txt"
"568","SupremeCourtCorpusFinalEncoded//StevensCleaned//In Re Troy Anthony Davis.txt"
"569","SupremeCourtCorpusFinalEncoded//StevensCleaned//James v Illinois.txt"
"570","SupremeCourtCorpusFinalEncoded//StevensCleaned//Johnson v Transportation Agency.txt"
"571","SupremeCourtCorpusFinalEncoded//StevensCleaned//Jones v US.txt"
"572","SupremeCourtCorpusFinalEncoded//StevensCleaned//Jones v US(2).txt"
"573","SupremeCourtCorpusFinalEncoded//StevensCleaned//Karcher v Daggett.txt"
"574","SupremeCourtCorpusFinalEncoded//StevensCleaned//Karcher v Daggett(2).txt"
"575","SupremeCourtCorpusFinalEncoded//StevensCleaned//Koons Buick Pontiac GMC v Nigh.txt"
"576","SupremeCourtCorpusFinalEncoded//StevensCleaned//Kraham v Florida.txt"
"577","SupremeCourtCorpusFinalEncoded//StevensCleaned//Kunkle v Texas.txt"
"578","SupremeCourtCorpusFinalEncoded//StevensCleaned//Lamie v US Trustee.txt"
"579","SupremeCourtCorpusFinalEncoded//StevensCleaned//Larson v Valente.txt"
"580","SupremeCourtCorpusFinalEncoded//StevensCleaned//Lorance v AT&T Technologies.txt"
"581","SupremeCourtCorpusFinalEncoded//StevensCleaned//Loving v US.txt"
"582","SupremeCourtCorpusFinalEncoded//StevensCleaned//Manson v Brathwaite.txt"
"583","SupremeCourtCorpusFinalEncoded//StevensCleaned//Maryland v Buie.txt"
"584","SupremeCourtCorpusFinalEncoded//StevensCleaned//Meritor Sav. Bank, FSB v Vinson.txt"
"585","SupremeCourtCorpusFinalEncoded//StevensCleaned//Metro Board v FCC.txt"
"586","SupremeCourtCorpusFinalEncoded//StevensCleaned//Minnesota v Olson.txt"
"587","SupremeCourtCorpusFinalEncoded//StevensCleaned//Mississippi Republican Executive Committee v Brooks.txt"
"588","SupremeCourtCorpusFinalEncoded//StevensCleaned//Mont. v US.txt"
"589","SupremeCourtCorpusFinalEncoded//StevensCleaned//Montana v Imlay.txt"
"590","SupremeCourtCorpusFinalEncoded//StevensCleaned//National Cable & Telecommunications Association v Brand X Internet Services.txt"
"591","SupremeCourtCorpusFinalEncoded//StevensCleaned//New York State Board of Elections v. Torres.txt"
"592","SupremeCourtCorpusFinalEncoded//StevensCleaned//New York v Uplinger.txt"
"593","SupremeCourtCorpusFinalEncoded//StevensCleaned//Nike v Kasky.txt"
"594","SupremeCourtCorpusFinalEncoded//StevensCleaned//Nixon v Adm'r of General Servs..txt"
"595","SupremeCourtCorpusFinalEncoded//StevensCleaned//Nixon v Shrink Missouri Government PAC.txt"
"596","SupremeCourtCorpusFinalEncoded//StevensCleaned//Nixon v US.txt"
"597","SupremeCourtCorpusFinalEncoded//StevensCleaned//NLRB v Robbins Tire & Rubber Co..txt"
"598","SupremeCourtCorpusFinalEncoded//StevensCleaned//Nobelman v American Savings Bank.txt"
"599","SupremeCourtCorpusFinalEncoded//StevensCleaned//O'Melveny & Myers v FDIC.txt"
"600","SupremeCourtCorpusFinalEncoded//StevensCleaned//Oil, Chemical & Atomic Workers v Mobil Oil Corp..txt"
"601","SupremeCourtCorpusFinalEncoded//StevensCleaned//Oklahoma Tax Commission v Citizen Band Potawatomi Indian Tribe.txt"
"602","SupremeCourtCorpusFinalEncoded//StevensCleaned//Ontario v. Quon.txt"
"603","SupremeCourtCorpusFinalEncoded//StevensCleaned//Orr v Orr.txt"
"604","SupremeCourtCorpusFinalEncoded//StevensCleaned//Overton v Bazzetta.txt"
"605","SupremeCourtCorpusFinalEncoded//StevensCleaned//Pennsylvania v Union Gas Company.txt"
"606","SupremeCourtCorpusFinalEncoded//StevensCleaned//Pers. Adm'r of Mass. v Feeney.txt"
"607","SupremeCourtCorpusFinalEncoded//StevensCleaned//Pinkus v US.txt"
"608","SupremeCourtCorpusFinalEncoded//StevensCleaned//Pleasant Grove City v. Summum.txt"
"609","SupremeCourtCorpusFinalEncoded//StevensCleaned//Press-Enterprise Co. v Superior Court of California.txt"
"610","SupremeCourtCorpusFinalEncoded//StevensCleaned//Pud No. 1 v Washington Department of Ecology.txt"
"611","SupremeCourtCorpusFinalEncoded//StevensCleaned//Purcell v. Gonzalez.txt"
"612","SupremeCourtCorpusFinalEncoded//StevensCleaned//Renne v Geary.txt"
"613","SupremeCourtCorpusFinalEncoded//StevensCleaned//Reves v Ernst & Young.txt"
"614","SupremeCourtCorpusFinalEncoded//StevensCleaned//Rhines v Weber.txt"
"615","SupremeCourtCorpusFinalEncoded//StevensCleaned//Richmond Newspapers v Va..txt"
"616","SupremeCourtCorpusFinalEncoded//StevensCleaned//Rita v. U.S..txt"
"617","SupremeCourtCorpusFinalEncoded//StevensCleaned//Roper v Simmons.txt"
"618","SupremeCourtCorpusFinalEncoded//StevensCleaned//Rust v Gunter.txt"
"619","SupremeCourtCorpusFinalEncoded//StevensCleaned//Rutan v Republican Party.txt"
"620","SupremeCourtCorpusFinalEncoded//StevensCleaned//Sanabria v US.txt"
"621","SupremeCourtCorpusFinalEncoded//StevensCleaned//Schaffer v Weast.txt"
"622","SupremeCourtCorpusFinalEncoded//StevensCleaned//Secretary of Maryland v Joseph H. Munson Co..txt"
"623","SupremeCourtCorpusFinalEncoded//StevensCleaned//Security Services v KMart.txt"
"624","SupremeCourtCorpusFinalEncoded//StevensCleaned//South Carolina v Baker.txt"
"625","SupremeCourtCorpusFinalEncoded//StevensCleaned//Stenberg v Carhart.txt"
"626","SupremeCourtCorpusFinalEncoded//StevensCleaned//Syngenta Crop v Henson.txt"
"627","SupremeCourtCorpusFinalEncoded//StevensCleaned//Talamini v Allstate Ins. Co..txt"
"628","SupremeCourtCorpusFinalEncoded//StevensCleaned//Tenet v Doe.txt"
"629","SupremeCourtCorpusFinalEncoded//StevensCleaned//Textron v United Automobile.txt"
"630","SupremeCourtCorpusFinalEncoded//StevensCleaned//Thornburgh v American College of Obstetricians & Gynecologists.txt"
"631","SupremeCourtCorpusFinalEncoded//StevensCleaned//Turner Broadcasting System v FCC.txt"
"632","SupremeCourtCorpusFinalEncoded//StevensCleaned//U.S. v. O'Brien.txt"
"633","SupremeCourtCorpusFinalEncoded//StevensCleaned//U.S. v. Williams.txt"
"634","SupremeCourtCorpusFinalEncoded//StevensCleaned//United States Brewers Asso. v Rodriguez.txt"
"635","SupremeCourtCorpusFinalEncoded//StevensCleaned//United States Department of Labor v Triplett.txt"
"636","SupremeCourtCorpusFinalEncoded//StevensCleaned//US Airways v Barnett.txt"
"637","SupremeCourtCorpusFinalEncoded//StevensCleaned//US v Bailey.txt"
"638","SupremeCourtCorpusFinalEncoded//StevensCleaned//US v Balsys.txt"
"639","SupremeCourtCorpusFinalEncoded//StevensCleaned//US v Beggerly.txt"
"640","SupremeCourtCorpusFinalEncoded//StevensCleaned//US v Broce.txt"
"641","SupremeCourtCorpusFinalEncoded//StevensCleaned//US v Foster Lumber Co..txt"
"642","SupremeCourtCorpusFinalEncoded//StevensCleaned//US v Frady.txt"
"643","SupremeCourtCorpusFinalEncoded//StevensCleaned//US v Georgia.txt"
"644","SupremeCourtCorpusFinalEncoded//StevensCleaned//US v Jacobs.txt"
"645","SupremeCourtCorpusFinalEncoded//StevensCleaned//US v Lara.txt"
"646","SupremeCourtCorpusFinalEncoded//StevensCleaned//US v Playboy Entertainment Group.txt"
"647","SupremeCourtCorpusFinalEncoded//StevensCleaned//US v Santana.txt"
"648","SupremeCourtCorpusFinalEncoded//StevensCleaned//US v United Foods.txt"
"649","SupremeCourtCorpusFinalEncoded//StevensCleaned//Vail v. Stenson.txt"
"650","SupremeCourtCorpusFinalEncoded//StevensCleaned//Virginia v Black.txt"
"651","SupremeCourtCorpusFinalEncoded//StevensCleaned//Wainwright v Sykes.txt"
"652","SupremeCourtCorpusFinalEncoded//StevensCleaned//Wallace v Jaffree.txt"
"653","SupremeCourtCorpusFinalEncoded//StevensCleaned//Wash. v Davis.txt"
"654","SupremeCourtCorpusFinalEncoded//StevensCleaned//Watt v Alaska.txt"
"655","SupremeCourtCorpusFinalEncoded//StevensCleaned//Wong v. Belmontes.txt"
"656","SupremeCourtCorpusFinalEncoded//StevensCleaned//Wood v Ga..txt"
"657","SupremeCourtCorpusFinalEncoded//StevensCleaned//Wyrick v Fields.txt"
"658","SupremeCourtCorpusFinalEncoded//StevensCleaned//Zuni Public School District v. Department of Education.txt"
"659","SupremeCourtCorpusFinalEncoded//ThomasCleaned//Adoptive Couple v Baby Girl.txt"
"660","SupremeCourtCorpusFinalEncoded//ThomasCleaned//Albertson's Inc v Kirkingburg.txt"
"661","SupremeCourtCorpusFinalEncoded//ThomasCleaned//American Exp Co v Italian Colors Restaurant.txt"
"662","SupremeCourtCorpusFinalEncoded//ThomasCleaned//American Trucking Associations Inc v City of Los Angeles Cal.txt"
"663","SupremeCourtCorpusFinalEncoded//ThomasCleaned//Apprendi v New Jersey.txt"
"664","SupremeCourtCorpusFinalEncoded//ThomasCleaned//ATAndT Mobility LLC v Concepcion.txt"
"665","SupremeCourtCorpusFinalEncoded//ThomasCleaned//Bennis v Michigan.txt"
"666","SupremeCourtCorpusFinalEncoded//ThomasCleaned//Berghuis v Smith.txt"
"667","SupremeCourtCorpusFinalEncoded//ThomasCleaned//Betterman v Montana.txt"
"668","SupremeCourtCorpusFinalEncoded//ThomasCleaned//Bosse v Oklahoma.txt"
"669","SupremeCourtCorpusFinalEncoded//ThomasCleaned//Bradshaw v Stumpf.txt"
"670","SupremeCourtCorpusFinalEncoded//ThomasCleaned//Bravo-Fernandez v US.txt"
"671","SupremeCourtCorpusFinalEncoded//ThomasCleaned//Capitol Square Review and Advisory Bd v Pinette.txt"
"672","SupremeCourtCorpusFinalEncoded//ThomasCleaned//Chadbourne And Parke LLP v Troice.txt"
"673","SupremeCourtCorpusFinalEncoded//ThomasCleaned//Coleman v Court of Appeals of Maryland.txt"
"674","SupremeCourtCorpusFinalEncoded//ThomasCleaned//Cooper Industries Inc v Leatherman Tool Group Inc.txt"
"675","SupremeCourtCorpusFinalEncoded//ThomasCleaned//Cooper v Harris.txt"
"676","SupremeCourtCorpusFinalEncoded//ThomasCleaned//Coventry Health Care v Nevils.txt"
"677","SupremeCourtCorpusFinalEncoded//ThomasCleaned//CRST Van Expedited Inc v EEOC.txt"
"678","SupremeCourtCorpusFinalEncoded//ThomasCleaned//Cuozzo Speed Technologies LLC v Lee.txt"
"679","SupremeCourtCorpusFinalEncoded//ThomasCleaned//Cutter v Wilkinson.txt"
"680","SupremeCourtCorpusFinalEncoded//ThomasCleaned//Davis v Ayala.txt"
"681","SupremeCourtCorpusFinalEncoded//ThomasCleaned//Eastern Enterprises v Apfel.txt"
"682","SupremeCourtCorpusFinalEncoded//ThomasCleaned//Edelman v Lynchburg College.txt"
"683","SupremeCourtCorpusFinalEncoded//ThomasCleaned//FCC v Fox Television Stations Inc.txt"
"684","SupremeCourtCorpusFinalEncoded//ThomasCleaned//Fernandez v California.txt"
"685","SupremeCourtCorpusFinalEncoded//ThomasCleaned//Fisher v University of Texas at Austin.txt"
"686","SupremeCourtCorpusFinalEncoded//ThomasCleaned//Foster v Florida.txt"
"687","SupremeCourtCorpusFinalEncoded//ThomasCleaned//Georgia v Ashcroft.txt"
"688","SupremeCourtCorpusFinalEncoded//ThomasCleaned//Giles v California.txt"
"689","SupremeCourtCorpusFinalEncoded//ThomasCleaned//Glossip v Gross.txt"
"690","SupremeCourtCorpusFinalEncoded//ThomasCleaned//Gobeille v Liberty Mut Ins Co.txt"
"691","SupremeCourtCorpusFinalEncoded//ThomasCleaned//Gonzales v Carhart.txt"
"692","SupremeCourtCorpusFinalEncoded//ThomasCleaned//Grable And Sons Metal Products Inc v Darue Engineering And Mfg.txt"
"693","SupremeCourtCorpusFinalEncoded//ThomasCleaned//Graham v Collins.txt"
"694","SupremeCourtCorpusFinalEncoded//ThomasCleaned//Gratz v Bollinger.txt"
"695","SupremeCourtCorpusFinalEncoded//ThomasCleaned//Heck v Humphrey.txt"
"696","SupremeCourtCorpusFinalEncoded//ThomasCleaned//Horne v Department of Agriculture(1).txt"
"697","SupremeCourtCorpusFinalEncoded//ThomasCleaned//Hosanna-Tabor Evangelical Lutheran Church and School v EEOC.txt"
"698","SupremeCourtCorpusFinalEncoded//ThomasCleaned//Irizarry v US.txt"
"699","SupremeCourtCorpusFinalEncoded//ThomasCleaned//Johanns v Livestock Marketing Ass'n.txt"
"700","SupremeCourtCorpusFinalEncoded//ThomasCleaned//Johnson v Bredesen.txt"
"701","SupremeCourtCorpusFinalEncoded//ThomasCleaned//Johnson v Texas.txt"
"702","SupremeCourtCorpusFinalEncoded//ThomasCleaned//Jones v Harris Associates LP.txt"
"703","SupremeCourtCorpusFinalEncoded//ThomasCleaned//Jones v US(2).txt"
"704","SupremeCourtCorpusFinalEncoded//ThomasCleaned//Knight v Florida.txt"
"705","SupremeCourtCorpusFinalEncoded//ThomasCleaned//Kowalski v Tesmer.txt"
"706","SupremeCourtCorpusFinalEncoded//ThomasCleaned//Lane v Franks.txt"
"707","SupremeCourtCorpusFinalEncoded//ThomasCleaned//Lewis v Casey.txt"
"708","SupremeCourtCorpusFinalEncoded//ThomasCleaned//Lockhart v Fretwell.txt"
"709","SupremeCourtCorpusFinalEncoded//ThomasCleaned//Mathis v US.txt"
"710","SupremeCourtCorpusFinalEncoded//ThomasCleaned//McBurney v Young.txt"
"711","SupremeCourtCorpusFinalEncoded//ThomasCleaned//McDaniel v Brown.txt"
"712","SupremeCourtCorpusFinalEncoded//ThomasCleaned//MeadWestvaco Corp ex rel Mead Corp v Illinois Dept of Revenue.txt"
"713","SupremeCourtCorpusFinalEncoded//ThomasCleaned//Melendez-Diaz v Massachusetts.txt"
"714","SupremeCourtCorpusFinalEncoded//ThomasCleaned//Michigan v EPA.txt"
"715","SupremeCourtCorpusFinalEncoded//ThomasCleaned//Missouri v Jenkins.txt"
"716","SupremeCourtCorpusFinalEncoded//ThomasCleaned//Morse v Frederick.txt"
"717","SupremeCourtCorpusFinalEncoded//ThomasCleaned//National Labor Relations Board v SW General Incorporated.txt"
"718","SupremeCourtCorpusFinalEncoded//ThomasCleaned//Oncale v Sundowner Offshore Services Inc.txt"
"719","SupremeCourtCorpusFinalEncoded//ThomasCleaned//Parents Involved in Community Schools v Seattle School Dist No 1.txt"
"720","SupremeCourtCorpusFinalEncoded//ThomasCleaned//Perdue v Kenny A ex rel Winn.txt"
"721","SupremeCourtCorpusFinalEncoded//ThomasCleaned//Perry v New Hampshire.txt"
"722","SupremeCourtCorpusFinalEncoded//ThomasCleaned//Printz v US.txt"
"723","SupremeCourtCorpusFinalEncoded//ThomasCleaned//Reno v Bossier Parish School Bd.2.txt"
"724","SupremeCourtCorpusFinalEncoded//ThomasCleaned//Reno v Bossier Parish School Bd.txt"
"725","SupremeCourtCorpusFinalEncoded//ThomasCleaned//Richmond v Lewis.txt"
"726","SupremeCourtCorpusFinalEncoded//ThomasCleaned//Rosenberger v Rector and Visitors of University of Virginia.txt"
"727","SupremeCourtCorpusFinalEncoded//ThomasCleaned//Shelby County Ala v Holder.txt"
"728","SupremeCourtCorpusFinalEncoded//ThomasCleaned//Smith v Doe.txt"
"729","SupremeCourtCorpusFinalEncoded//ThomasCleaned//South Central Bell Telephone Co v Alabama.txt"
"730","SupremeCourtCorpusFinalEncoded//ThomasCleaned//Spokeo Inc v Robins.txt"
"731","SupremeCourtCorpusFinalEncoded//ThomasCleaned//Thompson v Western States Medical Center.txt"
"732","SupremeCourtCorpusFinalEncoded//ThomasCleaned//United Dominion Industries Inc v US.txt"
"733","SupremeCourtCorpusFinalEncoded//ThomasCleaned//US Postal Service v Gregory.txt"
"734","SupremeCourtCorpusFinalEncoded//ThomasCleaned//US v Bryant.txt"
"735","SupremeCourtCorpusFinalEncoded//ThomasCleaned//US v Fordice.txt"
"736","SupremeCourtCorpusFinalEncoded//ThomasCleaned//US v Hubbell.txt"
"737","SupremeCourtCorpusFinalEncoded//ThomasCleaned//US v Lopez.txt"
"738","SupremeCourtCorpusFinalEncoded//ThomasCleaned//US v Morrison.txt"
"739","SupremeCourtCorpusFinalEncoded//ThomasCleaned//US v Playboy Entertainment Group Inc.txt"
"740","SupremeCourtCorpusFinalEncoded//ThomasCleaned//US v United Foods Inc.txt"
"741","SupremeCourtCorpusFinalEncoded//ThomasCleaned//Van Orden v Perry.txt"
"742","SupremeCourtCorpusFinalEncoded//ThomasCleaned//Vance v Ball State University.txt"
"743","SupremeCourtCorpusFinalEncoded//ThomasCleaned//Walker v Georgia.txt"
"744","SupremeCourtCorpusFinalEncoded//ThomasCleaned//Weaver v Massachusetts.txt"
"745","SupremeCourtCorpusFinalEncoded//ThomasCleaned//Whitman v American Trucking Associations.txt"
"746","SupremeCourtCorpusFinalEncoded//ThomasCleaned//Wilkie v Robbins.txt"
"747","SupremeCourtCorpusFinalEncoded//ThomasCleaned//Zelman v. Simmons-Harris.txt"
